{"name":"Luna","location":{"x":0.41999998688697817,"y":-2.950000047683716,"z":0.0},"detectedObject":[],"NPC_Name":"","NPC_Location":{"x":0.0,"y":0.0,"z":0.0}}