{"name":"Luna","location":{"x":-1.726424217224121,"y":-2.842259645462036,"z":-0.5833318829536438},"detectedObject":[{"instanceID":20998}]}