{"name":"Luna","location":{"x":-0.3977843225002289,"y":-3.148057460784912,"z":-0.583331823348999},"detectedObject":[{"instanceID":20998}],"NPC_Name":"NPC1","NPC_Location":{"x":-1.1381335258483887,"y":-1.6100000143051148,"z":0.0}}