{"name":"Luna","location":{"x":-7.634118556976318,"y":2.049123764038086,"z":-0.5833324790000916},"detectedObject":[{"instanceID":40346},{"instanceID":40382}],"NPC_Name":"Maria Lopez","NPC_Location":{"x":-6.550000190734863,"y":3.549999952316284,"z":0.0}}