{"name":"Luna","location":{"x":-1.1306897401809693,"y":-2.4441914558410646,"z":-0.5833319425582886},"detectedObject":[{"instanceID":20998},{"instanceID":20998},{"instanceID":20998}],"NPC_Name":"NPC1","NPC_Location":{"x":-1.1381335258483887,"y":-1.4983158111572266,"z":0.0}}