{"name":"Luna","location":{"x":-6.363661766052246,"y":-1.463714838027954,"z":-0.5833320617675781}}